{"cameraMode":{"drawMode":0,"name":"Shaded","section":"Shading Mode"},"sceneLighting":false,"audioPlay":false,"sceneViewState":{"showFog":false,"showMaterialUpdate":false,"showSkybox":false,"showFlares":false,"showImageEffects":false,"showParticleSystems":false},"in2DMode":false,"pivot":{"x":0.8873931765556336,"y":0.8448911309242249,"z":-0.4695524275302887},"rotation":{"x":-0.17624154686927796,"y":-0.03926701471209526,"z":0.007036235183477402,"w":-0.983538031578064},"size":1.1287295818328858,"orthographic":false}