{"cameraMode":{"drawMode":0,"name":"Shaded","section":"Shading Mode"},"sceneLighting":false,"audioPlay":false,"sceneViewState":{"showFog":false,"showMaterialUpdate":false,"showSkybox":false,"showFlares":false,"showImageEffects":false,"showParticleSystems":false},"in2DMode":false,"pivot":{"x":5.388981819152832,"y":2.775125026702881,"z":-0.12364423274993897},"rotation":{"x":0.07491186261177063,"y":-0.021537641063332559,"z":0.001615723711438477,"w":0.9969502687454224},"size":8.149728775024414,"orthographic":false}