{"cameraMode":{"drawMode":0,"name":"Shaded","section":"Shading Mode"},"sceneLighting":false,"audioPlay":false,"sceneViewState":{"showFog":false,"showMaterialUpdate":false,"showSkybox":false,"showFlares":false,"showImageEffects":false,"showParticleSystems":false},"in2DMode":false,"pivot":{"x":1.0894324779510499,"y":-2.509153366088867,"z":2.994213342666626},"rotation":{"x":0.04047872871160507,"y":0.022479305043816568,"z":-0.0009109448874369264,"w":0.9989271759986877},"size":14.740311622619629,"orthographic":false}